A1 Haddington,7_1003.jpg,350615,674606
A1 Houndwood North,4_5873_cam1.jpg,384086,663878
A1 Houndwood South,4_5873_cam2.jpg,384086,663878
A1 Lamberton,7_1007.jpg,397140,657782
A1 Myreside East,8_1390_cam1.jpg,365786,677389
A1 Myreside West,8_1390_cam2.jpg,365786,677389
A1 Reston,7_1008.jpg,387763,662515
A68 Carter Bar North,4_5_cam1.jpg,368823,607536
A68 Carter Bar South,4_5_cam2.jpg,368823,607536
A68 Earlston North,4_6020_cam1.jpg,357140,637909
A68 Earlston South,4_6020_cam2.jpg,357140,637909
A68 Soutra South,4_1181_cam1.jpg,347100,658600
A7 Hawick North,4_6001_cam1.jpg,351014,616602
A7 Mosspaul North,4_716_cam2.jpg,339756,599211
A7 Mosspaul South,4_716_cam1.jpg,339756,599211
A7 Terrona North,4_720_cam2.jpg,336980,586419
A7 Terrona South,4_720_cam1.jpg,336980,586419
A701 Southerly Ridge North,4_721_cam1.jpg,308303,599102
A701 Southerly Ridge South,4_721_cam2.jpg,308303,599102
A702 Abington North,4_2063_cam1.jpg,293453,625878
A702 Boghall North,4_1404_cam1.jpg,324607,664842
A702 Boghall South,4_1404_cam2.jpg,324607,664842
A720 Baberton,7_211.jpg,320315,668920
A720 Calder,7_210.jpg,318566,670350
A720 Craighall,7_217.jpg,333872,670655
A720 Dreghorn,7_212.jpg,323112,668027
A720 Gilmerton,7_215.jpg,330515,667889
A720 Hermiston Gait,7_209.jpg,318099,671027
A720 Lothianburn,7_213.jpg,324879,667697
A720 Sheriffhall,7_216.jpg,331760,667940
A720 Straiton,7_214.jpg,327447,666888
A725 Shawhead,7_152.jpg,273421,662744
A726 Eaglesham East,4_2423_cam1.jpg,256808,653313
A726 Eaglesham West,4_2423_cam2.jpg,256808,653313
A737 Highfield North,4_729_cam2.jpg,231320,650483
A737 Highfield South,4_729_cam1.jpg,231320,650483
A75 Collin East,4_709_cam1.jpg,302624,575772
A75 Collin West,4_709_cam2.jpg,302624,575772
A75 Crocketford East,4_710_cam1.jpg,283500,573000
A75 Crocketford West,4_710_cam2.jpg,283500,573000
A75 Drumflower East,4_712_cam2.jpg,213761,557889
A75 Drumflower West,4_712_cam1.jpg,213761,557889
A75 Gretna East,8_5917_cam1.jpg,330819,567567
A75 Gretna West,8_5917_cam2.jpg,330819,567567
A76 Blackwood East,4_3797_cam2.jpg,264350,613200
A76 Blackwood West,4_3797_cam1.jpg,264350,613200
A76 Closeburn South,4_733_cam1.jpg,289938,591821
A77 Crossraguel East,4_724_cam1.jpg,227400,608400
A77 Crossraguel West,4_724_cam2.jpg,227400,608400
A77 Dutchhouse North,4_734_cam1.jpg,237136,629342
A77 Dutchhouse South,4_734_cam2.jpg,237136,629342
A77 Meiklewood,7_129.jpg,245773,642175
A78 Gourock North,4_731_cam1.jpg,222800,674068
A78 Sharphill East,8_5918_cam2.jpg,225571,643606
A78 Sharphill West,8_5918_cam1.jpg,225571,643606
A8 Newhouse,7_155.jpg,279195,661971
A8 Port Glasgow East,4_1304_cam2.jpg,232990,674379
A8 Port Glasgow West,4_1304_cam1.jpg,232990,674379
A82 Alexandria Bypass North,4_1303_cam2.jpg,238605,678708
A82 Alexandria Bypass South,4_1303_cam1.jpg,238605,678708
A82 Altnafeadh East,4_786_cam1.jpg,222500,756200
A82 Altnafeadh West,4_786_cam2.jpg,222500,756200
A82 Erskine Br (A82),7_1022.jpg,247136,672973
A82 Tyndrum North,4_1214_cam1.jpg,232865,730548
A82 Tyndrum South,4_1214_cam2.jpg,232865,730548
A823 at M90,7_737.jpg,312603,684535
A823 Carnegie,7_739.jpg,311751,684626
A823 Sth Castle,7_738.jpg,312053,684539
A83 Clachan Hill North,4_2364_cam1.jpg,178313,657942
A83 Clachan Hill South,4_2364_cam2.jpg,178313,657942
A83 Rest And Be Thankful East,4_3494_cam1.jpg,222984,707436
A83 Rest And Be Thankful West,4_3494_cam2.jpg,222984,707436
A830 Glenfinnan East,4_1386_cam1.jpg,190368,780893
A830 Morar North,4_3495_cam2.jpg,167500,793550
A830 Morar South,4_3495_cam1.jpg,167500,793550
A835 Aultguish East,4_3373_cam1.jpg,235190,870390
A835 Aultguish West,4_3373_cam2.jpg,235190,870390
A835 Braemore East,4_1443_cam1.jpg,220850,877700
A835 Braemore West,4_1443_cam2.jpg,220850,877700
A85 Dalmally East,4_3295_cam2.jpg,215500,727299
A85 Dalmally West,4_3295_cam1.jpg,215500,727299
A85 Glen Ogle North,4_1677_cam1.jpg,255828,728382
A85 Glen Ogle South,4_1677_cam2.jpg,255828,728382
A87 Ard Dorch East,4_3477_cam2.jpg,158102,828676
A87 Ard Dorch West,4_3477_cam1.jpg,158102,828676
A87 Cluanie East,4_784_cam1.jpg,218100,810300
A87 Cluanie West,4_784_cam2.jpg,218100,810300
A87 Skye Bridge,7_802.jpg,174618,827100
A887 Achlain East,4_1662_cam1.jpg,227778,812305
A889 Catlodge East,4_1665_cam1.jpg,263284,792931
A889 Catlodge West,4_1665_cam2.jpg,263284,792931
A898 Erskine Br Tower,7_401.jpg,246073,672329
A9 A897,7_1004.jpg,293045,908648
A9 Achavanich North,4_1193_cam2.jpg,317977,942663
A9 Achavanich South,4_1193_cam1.jpg,317977,942663
A9 Aldclune,7_1005.jpg,291538,763186
A9 Avielochan North,4_1781_cam1.jpg,290282,816569
A9 Avielochan South,4_1781_cam2.jpg,290282,816569
A9 Balhaldie North,4_522_cam1.jpg,279300,703300
A9 Balhaldie South,4_522_cam2.jpg,279300,703300
A9 Ballinluig,7_1009.jpg,297641,752560
A9 Balvraid South,4_1484_cam1.jpg,277358,894544
A9 Daviot North,4_1372_cam1.jpg,271905,836937
A9 Daviot South,4_1372_cam2.jpg,271905,836937
A9 Dornoch Bridge South,4_1458_cam1.jpg,274783,886453
A9 Drumochter North,4_1191_cam1.jpg,262600,777600
A9 Drumochter South,4_1191_cam2.jpg,262600,777600
A9 Kessock,7_1017.jpg,266077,847953
A9 Kingussie,7_1006.jpg,277195,801654
A9 Loaninghead East,4_472_cam1.jpg,291780,709648
A9 Loaninghead West,4_472_cam2.jpg,291780,709648
A9 Milton of Leys,7_1014.jpg,269794,843916
A9 Newtonmore,7_1024.jpg,273045,798357
A9 North Kessock,7_1015.jpg,264828,848563
A9 Ord Ousdale North,4_781_cam1.jpg,306700,919700
A9 Ord Ousdale South,4_781_cam2.jpg,306700,919700
A9 Seafield,7_1010.jpg,267832,846177
A9 Slochd North,4_1366_cam1.jpg,282600,826400
A9 Slochd South,4_1366_cam2.jpg,282600,826400
A90 Birness North,4_237_cam1.jpg,400650,834833
A90 Birness South,4_237_cam2.jpg,400650,834833
A90 Charlestown North,4_228_cam1.jpg,393247,800265
A90 Charlestown South,4_228_cam2.jpg,393247,800265
A90 Dalmeny,7_717.jpg,314700,677151
A90 Echline,7_310.jpg,312492,677672
A90 Fiddes East,4_515_cam1.jpg,380074,780672
A90 Fiddes West,4_515_cam2.jpg,380074,780672
A90 Forfar North,4_391_cam1.jpg,343320,750463
A90 Forfar South,4_391_cam2.jpg,343320,750463
A90 Laurencekirk North,4_239_cam2.jpg,373100,773300
A90 Laurencekirk South,4_239_cam1.jpg,373100,773300
A90 Longforgan East,4_474_cam1.jpg,333100,730500
A90 Longforgan West,4_474_cam2.jpg,333100,730500
A90 Scotstoun ( E ),7_718.jpg,314025,677064
A92 Cluny East,4_520_cam1.jpg,324800,694712
A92 Cluny West,4_520_cam2.jpg,324800,694712
A92 Crossgates,7_736.jpg,313973,688975
A92 Crossgates Sth,7_735.jpg,313611,688486
A92 New Inn North,4_521_cam1.jpg,328379,705257
A92 New Inn South,4_521_cam2.jpg,328379,705257
A92 Sandford North,4_523_cam2.jpg,341000,724100
A92 Sandford South,4_523_cam1.jpg,341000,724100
A95 Ballindalloch East,4_252_cam1.jpg,317255,836198
A95 Ballindalloch West,4_252_cam2.jpg,317255,836198
A95 Grantown East,4_300_cam1.jpg,306170,826756
A95 Grantown West,4_300_cam2.jpg,306170,826756
A956 Bridge of Don North,4_1659_cam1.jpg,394658,810499
A96 Delnies East,4_1365_cam1.jpg,284770,855335
A96 Delnies West,4_1365_cam2.jpg,284770,855335
A96 Fochabers West,4_253_cam1.jpg,337388,855789
A96 Foudland East,4_235_cam1.jpg,362300,834500
A96 Foudland West,4_235_cam2.jpg,362300,834500
A96 Tyrebagger East,4_230_cam1.jpg,384872,811359
A96 Tyrebagger West,4_230_cam2.jpg,384872,811359
A985 Kincardine Bridge,7_952.jpg,292891,687319
A985 Kincardine Br (N),4_2158_cam1.jpg,293229,686969
M73 Drumcavel,7_183.jpg,270784,669479
M73 Gartcosh,7_182.jpg,270321,668317
M73 Westfield Link,7_611.jpg,271198,671572
M74 Auchenshuggle,7_509.jpg,263794,662509
M74 Beattock East,4_354_cam1.jpg,298873,615853
M74 Beattock West,4_354_cam2.jpg,298873,615853
M74 Caledonia Rd,7_504.jpg,259316,662990
M74 Cambuslang,7_508.jpg,262666,661784
M74 Fullarton Rd,7_510.jpg,264276,662307
M74 Glasgow Rd,7_506.jpg,260496,662179
M74 Hamilton Services,7_189.jpg,272691,656691
M74 Haughhead,7_191.jpg,273910,655100
M74 Kingston,7_501.jpg,258035,664370
M74 Larkhall,7_193.jpg,275947,653610
M74 Laurieston,7_503.jpg,258786,663295
M74 Maryville,7_29.jpg,268464,661907
M74 Millbank North,4_357_cam1.jpg,285623,632980
M74 Millbank South,4_357_cam2.jpg,285623,632980
M74 Paisley Rd,7_500.jpg,257784,664376
M74 Polmadie,7_505.jpg,259617,662861
M74 Rutherglen,7_507.jpg,262266,661806
M74 Tannochside,7_185.jpg,269763,661162
M74 Uddingston,7_186.jpg,270438,660542
M77 Crookfur Rd,7_119.jpg,252914,657586
M77 Dodside Rd,7_120.jpg,252415,656714
M77 Fenwick,7_128.jpg,246193,643728
M77 Floak,7_125.jpg,249287,649341
M77 Galston Rd,7_127.jpg,247735,645446
M77 Kingswell,7_126.jpg,249027,646669
M77 Maidenhill,7_123.jpg,252362,653968
M77 Malletsheugh,7_122.jpg,252399,654715
M77 Netherplace,7_121.jpg,252323,655723
M77 Nitshill Road,7_117.jpg,253726,659548
M77 Patterton,7_118.jpg,253661,658506
M77 St.Martins,7_124.jpg,250597,651873
M8 Baillieston (Nth),7_25.jpg,269223,664366
M8 Baird Rd,7_204.jpg,313898,671578
M8 Bathgate,7_168.jpg,300060,667880
M8 Baillieston ( roundabout ),7_26.jpg,269350,664094
M8 Bishopton East,4_1300_cam2.jpg,243296,671976
M8 Bishopton West,4_1300_cam1.jpg,243296,671976
M8 Cardonald,7_8.jpg,253453,664799
M8 Charing X Tunnel,7_80.jpg,258099,666297
M8 Claylands,7_205.jpg,312934,671207
M8 Duntilland East,4_1231_cam1.jpg,284094,663171
M8 Duntilland West,4_1231_cam2.jpg,284094,663171
M8 Eastfield,7_161.jpg,288492,664166
M8 Erskine Br (M8),7_1021.jpg,244795,670258
M8 Gartcraig Rd,7_19.jpg,264139,665986
M8 Glasgow Airport,7_53.jpg,247899,665905
M8 Glasgow Fort,7_21.jpg,266090,666141
M8 Gogar Station Rd,7_201.jpg,317797,670690
M8 Harthill,7_162.jpg,290924,665104
M8 Heartlands,7_163.jpg,293645,665445
M8 Helen St,7_9.jpg,254390,664523
M8 Hilton,7_13.jpg,258027,665672
M8 Junction 3,4_2946_cam1.jpg,304298,670347
M8 Kingston Br,7_12.jpg,257985,664757
M8 Livingston,7_171.jpg,304750,670280
M8 Loup-o-Lees,7_206.jpg,311245,671141
M8 Plantation,7_111.jpg,256215,664150
M8 Port Dundas,7_90.jpg,259130,666441
M8 Provan,7_39.jpg,262218,666191
M8 Ransfield Rd,7_202.jpg,316466,670428
M8 Roddinglaw,7_203.jpg,315774,671258
M8 Shieldhall,7_76.jpg,253021,665521
M8 St James (A737),7_55.jpg,246826,665373
M8 Whitburn,7_165.jpg,296170,665520
M8 Whitburn (E),7_166.jpg,297110,666020
M8 Whitburn Junction 4 West,4_1411_cam1.jpg,296749,665541
M8 Whitburn West,7_164.jpg,294320,665460
M8 Whitecart Viaduct,7_52.jpg,248859,665806
M80 Arronhill,7_606.jpg,266827,669947
M80 Auchengeich,7_608.jpg,268613,671411
M80 Auchenkilns,7_614.jpg,274165,673918
M80 Bankhead North,4_1225_cam2.jpg,280573,680528
M80 Bankhead South,4_1225_cam1.jpg,280573,680528
M80 Banknock,7_620.jpg,278816,678308
M80 Castlecary,7_619.jpg,278822,678179
M80 Condorrat,7_613.jpg,272789,672785
M80 Crowwood R'bout,7_46.jpg,267332,669069
M80 Dunns Wood,7_618.jpg,278073,677357
M80 Gartferry,7_610.jpg,269758,671851
M80 Haggs,7_621.jpg,278948,679530
M80 Hornshill,7_605.jpg,266348,669680
M80 Lindsaybeg,7_607.jpg,267704,670517
M80 Mollinsburn,7_612.jpg,272125,672046
M80 Moodiesburn,7_609.jpg,269047,671777
M80 Old Inns,7_617.jpg,277017,676604
M80 Seafar,7_615.jpg,275153,674910
M80 Westerwood,7_616.jpg,276379,676142
M9 Bannockburn North,4_1219_cam2.jpg,280612,688786
M9 Bannockburn South,4_1219_cam1.jpg,280612,688786
M9 Cotlaws,7_702.jpg,311727,674329
M9 Duntarvie 1,7_706.jpg,309712,675751
M9 Duntarvie 2,7_707.jpg,309712,675751
M9 Harvest Rd,7_218.jpg,312609,672172
M9 Junction 1A South,7_703.jpg,311439,674532
M9 Junction 1A West,7_704.jpg,311183,674630
M9 Milrig,7_700.jpg,312327,673191
M9 Muriehall,7_705.jpg,310175,675094
M9 Newbridge (N),7_207.jpg,312453,673271
M9 Newbridge East,4_8793_cam1.jpg,312311,673208
M9 Newbridge R'bout,7_208.jpg,312523,672681
M9 Newbridge West,4_8793_cam2.jpg,312311,673208
M9 Niddry Burn,7_701.jpg,311986,673908
M90 A823 Slip,7_725.jpg,312870,684580
M90 Admiralty,7_321.jpg,312300,683156
M90 Admiralty 1,7_719.jpg,312447,683737
M90 Admiralty 2,7_720.jpg,312447,683737
M90 Almondhill,7_713.jpg,312893,675548
M90 Arlary,7_1011.jpg,313485,705645
M90 Balbougie,7_726.jpg,313489,685048
M90 Calais Muir,7_728.jpg,313738,686489
M90 Craigbrae 1,7_714.jpg,313458,676104
M90 Craigbrae 2,7_715.jpg,313458,676104
M90 Duloch,7_727.jpg,313694,685518
M90 Dunf Wynd,7_320.jpg,312323,682103
M90 Friarton Bridge,7_957.jpg,313245,722082
M90 Glenfarg North,4_475_cam2.jpg,314045,711730
M90 Glenfarg South,4_475_cam1.jpg,314045,711730
M90 Halbeath 2,7_733.jpg,312872,689029
M90 Halbeath(S),7_326.jpg,313421,688088
M90 Humbie Farm 1,7_711.jpg,312161,675442
M90 Humbie Farm 2,7_712.jpg,312161,675442
M90 Junction 1A EB Slip,7_709.jpg,311621,674709
M90 Junction 1A North,7_708.jpg,311550,674636
M90 Junction 2A 1,7_730.jpg,313563,687829
M90 Junction 2A 2,7_731.jpg,313563,687829
M90 Kelty North,4_2152_cam1.jpg,313618,693345
M90 Kelty South,4_2152_cam2.jpg,313618,693345
M90 Kingseat,7_734.jpg,312875,689610
M90 Kirklands,7_710.jpg,311702,674970
M90 Masterton 1,7_322.jpg,312570,684344
M90 Masterton 2,7_722.jpg,312597,684319
M90 MiddleBank 1,7_723.jpg,312695,684501
M90 MiddleBank 2,7_724.jpg,312695,684501
M90 Naval Yard,7_716.jpg,313818,676575
M90 Pitreavie,7_323.jpg,313453,685001
M90 Rosyth,7_721.jpg,312456,683995
M90 Sandybank,7_732.jpg,313273,688323
M90 Scotstoun Interchange,7_332.jpg,313696,677045
M90 Well Dean,7_319.jpg,312513,681589
M90 Woodlee,7_729.jpg,313713,687245
